{
   "results":[
      {
         "gender":"male",
         "name":{
            "title":"Mr",
            "first":"Ahmet",
            "last":"Örge"
         },
         "location":{
            "street":{
               "number":7177,
               "name":"Necatibey Cd"
            },
            "city":"Kars",
            "state":"Giresun",
            "country":"Turkey",
            "postcode":78100,
            "coordinates":{
               "latitude":"69.3066",
               "longitude":"-41.2265"
            },
            "timezone":{
               "offset":"-2:00",
               "description":"Mid-Atlantic"
            }
         },
         "email":"ahmet.orge@example.com",
         "login":{
            "uuid":"0f6b875c-97cf-4378-a04b-ebaf0ef3ae1a",
            "username":"crazypeacock933",
            "password":"852456",
            "salt":"KCV8nCGN",
            "md5":"08559b9f2f2caef3135e838c9d7fe7ac",
            "sha1":"9a60c5d8325132791a4f26efa14edd01e732ba2c",
            "sha256":"0c67843854a053a54b8b1d7bdb12ed7d92424b1b144abb8f6d617810c281f595"
         },
         "dob":{
            "date":"1983-04-21T18:47:10.032Z",
            "age":37
         },
         "registered":{
            "date":"2013-07-25T00:55:50.143Z",
            "age":7
         },
         "phone":"(089)-269-1678",
         "cell":"(090)-528-3907",
         "id":{
            "name":"",
            "value":null
         },
         "picture":{
            "large":"https://randomuser.me/api/portraits/men/97.jpg",
            "medium":"https://randomuser.me/api/portraits/med/men/97.jpg",
            "thumbnail":"https://randomuser.me/api/portraits/thumb/men/97.jpg"
         },
         "nat":"TR"
      },
      {
         "gender":"female",
         "name":{
            "title":"Mademoiselle",
            "first":"Rose",
            "last":"Petit"
         },
         "location":{
            "street":{
               "number":2402,
               "name":"Rue de la Mairie"
            },
            "city":"Iffwil",
            "state":"Jura",
            "country":"Switzerland",
            "postcode":8545,
            "coordinates":{
               "latitude":"46.7267",
               "longitude":"117.5710"
            },
            "timezone":{
               "offset":"-2:00",
               "description":"Mid-Atlantic"
            }
         },
         "email":"rose.petit@example.com",
         "login":{
            "uuid":"0f183d6f-1c3d-4dc1-a3a6-661a43694b0a",
            "username":"purplepanda150",
            "password":"4ever",
            "salt":"eNrpBKqU",
            "md5":"81da93f259d0d51be7c60bdfe082bb05",
            "sha1":"37fc7cf45bc20121e7e342807fafa5f55b3eb833",
            "sha256":"80e7b5b3a17352794b5fac3107d23a0d745d4ff63ee69d2ded9a56e672f589c0"
         },
         "dob":{
            "date":"1995-12-22T17:48:30.700Z",
            "age":25
         },
         "registered":{
            "date":"2017-01-31T12:02:23.594Z",
            "age":3
         },
         "phone":"077 572 21 54",
         "cell":"077 618 40 95",
         "id":{
            "name":"AVS",
            "value":"756.4593.9301.73"
         },
         "picture":{
            "large":"https://randomuser.me/api/portraits/women/84.jpg",
            "medium":"https://randomuser.me/api/portraits/med/women/84.jpg",
            "thumbnail":"https://randomuser.me/api/portraits/thumb/women/84.jpg"
         },
         "nat":"CH"
      },
      {
         "gender":"female",
         "name":{
            "title":"Ms",
            "first":"Ellen",
            "last":"Honkala"
         },
         "location":{
            "street":{
               "number":1293,
               "name":"Itsenäisyydenkatu"
            },
            "city":"Alavus",
            "state":"Central Ostrobothnia",
            "country":"Finland",
            "postcode":70725,
            "coordinates":{
               "latitude":"39.6839",
               "longitude":"-159.9016"
            },
            "timezone":{
               "offset":"+7:00",
               "description":"Bangkok, Hanoi, Jakarta"
            }
         },
         "email":"ellen.honkala@example.com",
         "login":{
            "uuid":"fdd7d68b-4428-468a-ac61-f869e5e612b5",
            "username":"sadswan321",
            "password":"young1",
            "salt":"bAyYuS46",
            "md5":"7f2decf87f26659a702521521a17a90b",
            "sha1":"75c096ab972f7a153e76c0988b8d44e1e316b55d",
            "sha256":"4243d948de0d9fe4c99414b74e8540ff8fb1e462f4a637052cdb3234c8a6130b"
         },
         "dob":{
            "date":"1964-05-24T15:10:56.800Z",
            "age":56
         },
         "registered":{
            "date":"2016-07-23T07:04:41.942Z",
            "age":4
         },
         "phone":"04-168-216",
         "cell":"041-712-96-17",
         "id":{
            "name":"HETU",
            "value":"NaNNA498undefined"
         },
         "picture":{
            "large":"https://randomuser.me/api/portraits/women/5.jpg",
            "medium":"https://randomuser.me/api/portraits/med/women/5.jpg",
            "thumbnail":"https://randomuser.me/api/portraits/thumb/women/5.jpg"
         },
         "nat":"FI"
      },
      {
         "gender":"male",
         "name":{
            "title":"Mr",
            "first":"Ceyhun",
            "last":"Ertürk"
         },
         "location":{
            "street":{
               "number":7843,
               "name":"Necatibey Cd"
            },
            "city":"Yalova",
            "state":"Yalova",
            "country":"Turkey",
            "postcode":53670,
            "coordinates":{
               "latitude":"-11.0822",
               "longitude":"30.4289"
            },
            "timezone":{
               "offset":"-11:00",
               "description":"Midway Island, Samoa"
            }
         },
         "email":"ceyhun.erturk@example.com",
         "login":{
            "uuid":"22fd2500-a066-4d5b-aefb-e35d052ae43a",
            "username":"organicpeacock336",
            "password":"beretta",
            "salt":"vm54ULZ5",
            "md5":"e906cfd47d90ef1df30cb7a1deca9857",
            "sha1":"f0f73aef91598965c7ff9ff70242583412ca5cda",
            "sha256":"e9e767de76c55c77f70195b52af3f2f1f141807d4c3d9847f09ae1694bf4d76d"
         },
         "dob":{
            "date":"1969-11-13T18:16:14.897Z",
            "age":51
         },
         "registered":{
            "date":"2016-02-22T15:15:33.245Z",
            "age":4
         },
         "phone":"(968)-110-2883",
         "cell":"(599)-596-7573",
         "id":{
            "name":"",
            "value":null
         },
         "picture":{
            "large":"https://randomuser.me/api/portraits/men/78.jpg",
            "medium":"https://randomuser.me/api/portraits/med/men/78.jpg",
            "thumbnail":"https://randomuser.me/api/portraits/thumb/men/78.jpg"
         },
         "nat":"TR"
      },
      {
         "gender":"male",
         "name":{
            "title":"Monsieur",
            "first":"Marcello",
            "last":"Morel"
         },
         "location":{
            "street":{
               "number":6730,
               "name":"Avenue des Ternes"
            },
            "city":"Arlesheim",
            "state":"Aargau",
            "country":"Switzerland",
            "postcode":1898,
            "coordinates":{
               "latitude":"-58.6487",
               "longitude":"107.2246"
            },
            "timezone":{
               "offset":"+8:00",
               "description":"Beijing, Perth, Singapore, Hong Kong"
            }
         },
         "email":"marcello.morel@example.com",
         "login":{
            "uuid":"24fa2c7f-ee12-460c-8ff7-53eeb9de29b4",
            "username":"bigwolf328",
            "password":"tanya",
            "salt":"jvPij48S",
            "md5":"24e25a45738606034456eaac746c4a31",
            "sha1":"42de4179047a5d81cf498ef8b1f9b92bda65c25b",
            "sha256":"f0923c06621ea4315511d4bf8a0d7b2179280fc32692dcf5e94c437556003d09"
         },
         "dob":{
            "date":"1973-11-02T23:29:14.605Z",
            "age":47
         },
         "registered":{
            "date":"2004-12-31T22:08:12.376Z",
            "age":16
         },
         "phone":"079 265 61 96",
         "cell":"075 473 41 71",
         "id":{
            "name":"AVS",
            "value":"756.2138.9788.95"
         },
         "picture":{
            "large":"https://randomuser.me/api/portraits/men/56.jpg",
            "medium":"https://randomuser.me/api/portraits/med/men/56.jpg",
            "thumbnail":"https://randomuser.me/api/portraits/thumb/men/56.jpg"
         },
         "nat":"CH"
      },
      {
         "gender":"male",
         "name":{
            "title":"Mr",
            "first":"Mathieu",
            "last":"Lucas"
         },
         "location":{
            "street":{
               "number":496,
               "name":"Avenue de l'Abbé-Roussel"
            },
            "city":"Besançon",
            "state":"Haute-Saône",
            "country":"France",
            "postcode":18534,
            "coordinates":{
               "latitude":"-6.0905",
               "longitude":"106.2135"
            },
            "timezone":{
               "offset":"+3:00",
               "description":"Baghdad, Riyadh, Moscow, St. Petersburg"
            }
         },
         "email":"mathieu.lucas@example.com",
         "login":{
            "uuid":"cead2114-cc58-4ee9-aac8-b5329bda000d",
            "username":"blackladybug468",
            "password":"studly",
            "salt":"1SDVDSdd",
            "md5":"583089b118ff1a35046e5e8f7046ad30",
            "sha1":"3bd3a9542e2b02fe76307d810e9a27ff7e2de7bd",
            "sha256":"2559ecfaecf86af4024901b8a7823ad3916c1cb8d19a81dcb0de28ee14a8497a"
         },
         "dob":{
            "date":"1960-05-12T21:08:39.233Z",
            "age":60
         },
         "registered":{
            "date":"2019-04-06T12:31:54.267Z",
            "age":1
         },
         "phone":"02-21-05-93-63",
         "cell":"06-64-49-41-54",
         "id":{
            "name":"INSEE",
            "value":"1NNaN01157762 92"
         },
         "picture":{
            "large":"https://randomuser.me/api/portraits/men/49.jpg",
            "medium":"https://randomuser.me/api/portraits/med/men/49.jpg",
            "thumbnail":"https://randomuser.me/api/portraits/thumb/men/49.jpg"
         },
         "nat":"FR"
      },
      {
         "gender":"female",
         "name":{
            "title":"Miss",
            "first":"Sonja",
            "last":"Volden"
         },
         "location":{
            "street":{
               "number":4321,
               "name":"Fjellhus allé"
            },
            "city":"Kråkstad",
            "state":"Telemark",
            "country":"Norway",
            "postcode":"7672",
            "coordinates":{
               "latitude":"-63.7580",
               "longitude":"-54.8357"
            },
            "timezone":{
               "offset":"+7:00",
               "description":"Bangkok, Hanoi, Jakarta"
            }
         },
         "email":"sonja.volden@example.com",
         "login":{
            "uuid":"a22efbe1-f482-491f-ba9b-3eb17c572c24",
            "username":"happygoose680",
            "password":"1235",
            "salt":"P1zcCDc2",
            "md5":"83d162beae18e6e32a9385d5ccdf056c",
            "sha1":"c95fa7ef2d70f6a223531559d7da35a68726ec1b",
            "sha256":"cf6861222e479ebda8b60c7322075397a0d7489e90d07bde0dbde3e3ee707ad5"
         },
         "dob":{
            "date":"1984-04-17T20:00:04.013Z",
            "age":36
         },
         "registered":{
            "date":"2011-12-25T00:39:13.107Z",
            "age":9
         },
         "phone":"28625444",
         "cell":"44152686",
         "id":{
            "name":"FN",
            "value":"17048421075"
         },
         "picture":{
            "large":"https://randomuser.me/api/portraits/women/48.jpg",
            "medium":"https://randomuser.me/api/portraits/med/women/48.jpg",
            "thumbnail":"https://randomuser.me/api/portraits/thumb/women/48.jpg"
         },
         "nat":"NO"
      },
      {
         "gender":"male",
         "name":{
            "title":"Mr",
            "first":"Sebastian",
            "last":"Thompson"
         },
         "location":{
            "street":{
               "number":4094,
               "name":"Armagh Street"
            },
            "city":"Blenheim",
            "state":"Otago",
            "country":"New Zealand",
            "postcode":77184,
            "coordinates":{
               "latitude":"-61.5605",
               "longitude":"-43.4672"
            },
            "timezone":{
               "offset":"+3:30",
               "description":"Tehran"
            }
         },
         "email":"sebastian.thompson@example.com",
         "login":{
            "uuid":"dfcdcf88-6a98-4002-a1db-7c7b00d2764f",
            "username":"organicmouse223",
            "password":"1018",
            "salt":"0ZxWVP4p",
            "md5":"6e94aab0eb1e457a296a0b3f6962aa54",
            "sha1":"b9a57a44b3822e5f88733b7a37efed2f9f03bd87",
            "sha256":"fb9905ab6ad8e2766376ed70569dd52cf2edc9d84d5bf1de9242bde066674057"
         },
         "dob":{
            "date":"1945-11-08T12:04:32.261Z",
            "age":75
         },
         "registered":{
            "date":"2006-04-17T15:30:16.365Z",
            "age":14
         },
         "phone":"(390)-862-7162",
         "cell":"(401)-396-4026",
         "id":{
            "name":"",
            "value":null
         },
         "picture":{
            "large":"https://randomuser.me/api/portraits/men/49.jpg",
            "medium":"https://randomuser.me/api/portraits/med/men/49.jpg",
            "thumbnail":"https://randomuser.me/api/portraits/thumb/men/49.jpg"
         },
         "nat":"NZ"
      },
      {
         "gender":"male",
         "name":{
            "title":"Mr",
            "first":"Oscar",
            "last":"Montero"
         },
         "location":{
            "street":{
               "number":6640,
               "name":"Avenida de América"
            },
            "city":"Sevilla",
            "state":"Ceuta",
            "country":"Spain",
            "postcode":38292,
            "coordinates":{
               "latitude":"-1.0861",
               "longitude":"-45.0719"
            },
            "timezone":{
               "offset":"-10:00",
               "description":"Hawaii"
            }
         },
         "email":"oscar.montero@example.com",
         "login":{
            "uuid":"4209e5a6-a77e-4718-b022-8bca3f5dbee2",
            "username":"beautifulsnake542",
            "password":"tottenham",
            "salt":"GHzSvTlO",
            "md5":"30c837382043a398769f864096be7bad",
            "sha1":"55102ec294e8ca537f8b64f39daf6bb85d70eedf",
            "sha256":"337acd7ec9322e9b9e4839cb081a905db1d2e65db0e7d4f2b4c5016583225bb2"
         },
         "dob":{
            "date":"1972-11-16T01:40:56.106Z",
            "age":48
         },
         "registered":{
            "date":"2018-10-31T04:17:34.606Z",
            "age":2
         },
         "phone":"964-664-475",
         "cell":"668-139-812",
         "id":{
            "name":"DNI",
            "value":"14826283-B"
         },
         "picture":{
            "large":"https://randomuser.me/api/portraits/men/27.jpg",
            "medium":"https://randomuser.me/api/portraits/med/men/27.jpg",
            "thumbnail":"https://randomuser.me/api/portraits/thumb/men/27.jpg"
         },
         "nat":"ES"
      },
      {
         "gender":"male",
         "name":{
            "title":"Mr",
            "first":"Anastasios",
            "last":"Scholten"
         },
         "location":{
            "street":{
               "number":9355,
               "name":"Lindenweg"
            },
            "city":"Scheer",
            "state":"Bremen",
            "country":"Germany",
            "postcode":45070,
            "coordinates":{
               "latitude":"54.8024",
               "longitude":"-24.4410"
            },
            "timezone":{
               "offset":"+5:00",
               "description":"Ekaterinburg, Islamabad, Karachi, Tashkent"
            }
         },
         "email":"anastasios.scholten@example.com",
         "login":{
            "uuid":"36cfad60-770d-4066-ab88-2ea487772628",
            "username":"greenfish686",
            "password":"magick",
            "salt":"Cx21K1mq",
            "md5":"521a5a389820202412a1e9a4daed2b27",
            "sha1":"9223e8c700dc54db4321354f0502112ee122fb27",
            "sha256":"4bbdd538597dcc09c302235a0839c8abbfc574f2b4af7dd2044158f2c6cf4d0b"
         },
         "dob":{
            "date":"1951-07-25T17:24:26.137Z",
            "age":69
         },
         "registered":{
            "date":"2015-05-13T13:29:11.155Z",
            "age":5
         },
         "phone":"0884-6539623",
         "cell":"0174-4549651",
         "id":{
            "name":"",
            "value":null
         },
         "picture":{
            "large":"https://randomuser.me/api/portraits/men/61.jpg",
            "medium":"https://randomuser.me/api/portraits/med/men/61.jpg",
            "thumbnail":"https://randomuser.me/api/portraits/thumb/men/61.jpg"
         },
         "nat":"DE"
      }
   ],
   "info":{
      "seed":"4d473c434420b3a4",
      "results":10,
      "page":1,
      "version":"1.3"
   }
}